date,open,high,low,close,volume,changed,changep,adjclose,tradeval,tradevol
2018-03-12,68.73,69.21,67.845,68.09,5226739,-0.69,-1.00%,68.09,356770033.05,37037
2018-03-09,67.29,69.07,67.245,68.78,8309669,2.04,3.06%,68.78,570314753.67,57422
2018-03-08,66.34,66.78,65.78,66.74,6099096,0.51,0.77%,66.74,404857059.32,36077
2018-03-07,65.87,66.50,65.22,66.23,5851897,-0.40,-0.60%,66.23,385948026.90,39685
2018-03-06,66.84,67.12,66.0919,66.63,5131431,0.47,0.71%,66.63,342100764.06,38792
2018-03-05,64.93,66.59,64.91,66.16,5274293,0.69,1.05%,66.16,348105189.28,39936
2018-03-02,64.65,65.715,63.901,65.47,6797168,0.25,0.38%,65.47,440861210.17,46663
2018-03-01,65.49,66.72,65.03,65.22,9673988,-0.42,-0.64%,65.22,635532922.21,63250
2018-02-28,67.39,67.6799,65.62,65.64,10144601,-1.27,-1.90%,65.64,675588164.19,63417
2018-02-27,67.30,69.048,66.86,66.91,8736139,0.18,0.27%,66.91,591239933.60,57463
2018-02-26,67.15,67.27,66.30,66.73,6605022,0.23,0.35%,66.73,440998514.44,43909
2018-02-23,65.30,66.6967,65.07,66.50,7652020,1.54,2.37%,66.50,505921359.88,48753
2018-02-22,64.84,65.97,64.70,64.96,8393763,0.56,0.87%,64.96,547350125.35,53245
2018-02-21,65.35,66.0937,64.38,64.40,7855013,-1.21,-1.84%,64.40,512669205.96,48142
2018-02-20,66.71,67.1999,65.26,65.61,6840734,-0.67,-1.01%,65.61,451091387.28,41816
2018-02-16,66.15,67.29,65.90,66.28,7512502,0.07,0.11%,66.28,499451011.04,49597
2018-02-15,66.25,66.25,64.82,66.21,8844529,0.34,0.52%,66.21,581452470.59,60034
2018-02-14,65.34,66.27,64.57,65.87,13030918,-0.05,-0.08%,65.87,853045760.62,85970
2018-02-13,66.63,66.86,65.68,65.92,7959910,-0.92,-1.38%,65.92,526143308.96,55027
2018-02-12,66.37,67.68,66.27,66.84,11382811,1.65,2.53%,66.84,763013816.30,70872
2018-02-09,68.18,68.37,63.37,65.19,19725618,-2.21,-3.28%,65.19,1288845112.46,119468
2018-02-08,69.80,69.90,67.35,67.40,12185999,-2.35,-3.37%,67.40,831698050.99,73636
2018-02-07,71.15,72.53,69.62,69.75,7344965,-1.29,-1.82%,69.75,519125276.85,60153
2018-02-06,69.51,72.56,69.00,71.04,12391892,0.19,0.27%,71.04,872957835.94,98860
2018-02-05,72.85,74.3807,70.59,71.35,11310341,-2.324,-3.18%,70.85,820600199.81,85667
2018-02-02,74.88,75.25,73.36,73.69,9066579,-1.807,-2.41%,73.1736,673235532.48,63547
2018-02-01,73.79,75.56,73.79,75.51,8671581,1.916,2.62%,74.9808,649465924.12,59311
2018-01-31,74.89,74.9466,73.11,73.58,10198715,-0.953,-1.29%,73.0644,750955607.40,64742
2018-01-30,75.40,75.79,73.93,74.54,11370998,-1.827,-2.41%,74.0176,847442604.15,69886
2018-01-29,77.09,77.405,76.10,76.38,7877852,-1.221,-1.58%,75.8447,604483095.45,48010
2018-01-26,77.69,78.18,77.39,77.61,6055329,0.278,0.36%,77.0661,470715626.09,41080
2018-01-25,78.98,79.09,77.23,77.33,7141971,-0.844,-1.09%,76.7881,554929382.63,52293
2018-01-24,78.96,79.25,77.6748,78.18,10368958,-1.023,-1.30%,77.6321,812929988.18,63931
2018-01-23,79.82,80.35,78.58,79.21,9332559,-0.576,-0.73%,78.6549,739443996.80,59559
2018-01-22,77.04,79.8762,76.84,79.79,13192669,3.346,4.41%,79.2308,1042740563.00,65632
2018-01-19,75.00,77.18,74.25,76.42,13389800,0.05,0.07%,75.8844,1016670107.26,82192
2018-01-18,76.57,77.47,75.69,76.37,10588526,-0.834,-1.09%,75.8348,813472923.15,68968
2018-01-17,77.00,77.7893,76.41,77.21,8009568,0.04,0.05%,76.6689,618556165.44,52244
2018-01-16,77.75,78.00,76.95,77.17,11902474,-0.794,-1.03%,76.6292,920838436.04,68279
2018-01-12,77.37,78.09,77.05,77.97,9211490,0.914,1.19%,77.4236,716436880.87,60548
2018-01-11,75.67,77.22,75.4225,77.05,10248734,1.44,1.92%,76.51,785771112.20,65759
2018-01-10,75.12,76.07,75.00,75.60,10017573,0.695,0.93%,75.0702,756976250.85,59420
2018-01-09,74.78,75.295,74.56,74.90,9370258,0.099,0.13%,74.3751,701960415.63,60454
2018-01-08,73.35,74.92,72.71,74.80,9778907,1.192,1.63%,74.2758,724618348.41,55289
2018-01-05,72.95,73.675,72.25,73.60,8552681,0.496,0.68%,73.0842,625549434.43,51145
2018-01-04,71.76,73.19,71.26,73.10,12252324,1.758,2.48%,72.5877,889383040.16,70853
2018-01-03,69.97,71.64,69.1258,71.33,9529205,1.797,2.60%,70.8301,674899340.39,60761
2018-01-02,68.07,69.8325,67.60,69.52,8678208,2.115,3.16%,69.0328,600446652.10,50992
2017-12-29,67.46,67.725,66.80,67.39,5918786,-0.07,-0.10%,66.9177,398742682.20,32433
2017-12-28,67.95,68.22,67.285,67.46,4386774,-0.457,-0.68%,66.9872,296488376.70,27933
2017-12-27,67.76,68.40,67.61,67.92,7107882,0.308,0.46%,67.444,483839157.18,38859
2017-12-26,67.50,68.08,67.42,67.61,5028195,0.169,0.25%,67.1362,340382217.43,26844
2017-12-22,67.60,68.335,67.16,67.44,6695908,-0.417,-0.62%,66.9674,453506711.00,40790
2017-12-21,65.65,68.32,65.25,67.86,15943684,2.562,3.95%,67.3844,1075712419.53,76726
2017-12-20,64.48,65.515,64.25,65.28,9227525,0.884,1.38%,64.8225,600729262.16,58136
2017-12-19,63.83,64.98,63.58,64.39,8949496,0.784,1.24%,63.9388,576239172.95,49867
2017-12-18,62.45,64.04,62.25,63.60,10716588,1.499,2.43%,63.1543,681610972.39,55078
2017-12-15,62.77,62.95,62.01,62.09,15834718,-0.278,-0.45%,61.6549,987751451.41,49258
2017-12-14,62.94,63.35,62.36,62.37,8550142,-0.923,-1.47%,61.9329,536128103.97,50804
2017-12-13,64.12,64.53,63.28,63.30,7485578,-0.874,-1.37%,62.8564,476433033.45,44331
2017-12-12,64.88,65.00,64.10,64.18,6487799,-0.377,-0.59%,63.7302,417904429.52,43614
2017-12-11,63.38,64.94,63.01,64.56,11702914,1.013,1.61%,64.1076,753181557.66,56193
2017-12-08,62.38,63.54,62.095,63.54,11030077,1.46,2.37%,63.0947,694496841.70,48606
2017-12-07,62.06,62.52,61.96,62.07,7862521,0.00,0.00%,61.635,489112830.71,47803
2017-12-06,63.28,63.28,61.78,62.07,9299307,-1.37,-2.17%,61.635,578415881.78,50355
2017-12-05,64.45,65.00,63.44,63.45,8212782,-0.645,-1.01%,63.0053,525492540.27,43566
2017-12-04,64.79,65.99,64.48,64.60,9505012,-0.128,-0.20%,63.6508,619654069.06,56265
2017-12-01,63.23,65.13,63.02,64.73,11963967,1.852,2.99%,63.7789,772299469.35,74248
2017-11-30,62.57,63.65,62.4975,62.85,11308937,0.69,1.13%,61.9265,712498190.49,56709
2017-11-29,62.40,63.30,61.93,62.15,8805860,-0.138,-0.22%,61.2368,549584034.26,50626
2017-11-28,61.24,62.47,61.21,62.29,8737684,0.916,1.52%,61.3747,541481389.95,45937
2017-11-27,61.73,61.92,61.05,61.36,6741564,-0.562,-0.92%,60.4584,413678513.09,40497
2017-11-24,62.40,62.45,61.85,61.93,2967471,-0.207,-0.34%,61.02,184201646.44,15854
2017-11-22,62.44,62.60,61.84,62.14,7610252,0.256,0.42%,61.2269,473160599.31,40234
2017-11-21,61.97,62.15,61.44,61.88,8491129,0.158,0.26%,60.9708,523956425.13,47304
2017-11-20,61.71,62.10,61.22,61.72,7103454,-0.236,-0.39%,60.8131,437967299.34,37673
2017-11-17,61.36,62.325,61.26,61.96,8088725,0.64,1.06%,61.0496,500844752.18,43635
2017-11-16,61.60,61.645,61.02,61.31,7791607,-0.236,-0.39%,60.4091,478426634.34,48362
2017-11-15,62.15,62.43,61.11,61.55,11273166,-1.212,-1.96%,60.6456,693821092.93,67013
2017-11-14,64.64,64.64,62.73,62.78,10606836,-2.227,-3.47%,61.8575,672715217.05,56844
2017-11-13,65.25,65.54,64.86,65.04,5506272,-0.69,-1.06%,64.0843,358700588.67,34138
2017-11-10,66.59,66.62,65.18,65.74,6577005,-1.133,-1.72%,64.774,432018511.87,36163
2017-11-09,66.85,67.10,66.50,66.89,6155193,-0.168,-0.25%,65.9071,411374814.82,43535
2017-11-08,66.65,67.58,66.08,67.06,8008318,0.621,0.95%,66.0746,536525016.46,52819
2017-11-07,67.57,67.68,66.26,66.43,7147395,-0.64,-0.97%,65.4539,476882399.61,45929
2017-11-06,64.10,67.42,63.93,67.08,14246290,3.449,5.50%,66.0943,948287810.89,74036
2017-11-03,63.14,63.725,62.92,63.58,10035127,0.325,0.52%,62.6458,635923489.21,51675
2017-11-02,64.34,64.34,63.10,63.25,8984107,-1.015,-1.60%,62.3206,570000253.27,49815
2017-11-01,64.62,64.96,63.99,64.28,11329345,0.276,0.44%,63.3355,729524847.91,59495
2017-10-31,63.99,64.735,63.93,64.00,8519453,-0.108,-0.17%,63.0596,547423722.83,48161
2017-10-30,63.75,64.50,63.53,64.11,6632757,0.552,0.88%,63.168,425761997.93,46064
2017-10-27,63.11,63.87,62.88,63.55,12972656,0.177,0.28%,62.6162,823189252.74,69444
2017-10-26,63.45,63.81,63.06,63.37,8668313,-0.089,-0.14%,62.4389,549929522.28,59191
2017-10-25,62.50,63.62,62.40,63.46,9382437,1.005,1.63%,62.5275,593149344.92,60582
2017-10-24,62.53,62.84,61.92,62.44,9639492,0.522,0.86%,61.5225,600704001.26,58409
2017-10-23,63.15,63.48,61.81,61.91,14054109,-1.222,-1.96%,61.0003,873879592.74,67904
2017-10-20,63.57,63.95,61.40,63.15,19259629,-1.33,-2.09%,62.2221,1203959622.90,97359
2017-10-19,65.36,65.71,64.47,64.50,13577643,-1.389,-2.14%,63.5523,881451160.68,63199
2017-10-18,66.46,66.65,65.68,65.91,5936547,-0.581,-0.89%,64.9415,392244193.57,37586
2017-10-17,66.88,67.185,66.26,66.50,6621444,-0.296,-0.45%,65.5229,440987355.96,37947
2017-10-16,67.56,67.83,66.78,66.80,4846108,-0.365,-0.55%,65.8185,325715147.37,27244
2017-10-13,67.63,68.08,67.13,67.17,4248691,-0.118,-0.18%,66.183,286516697.67,26340
2017-10-12,67.22,67.42,66.79,67.29,6225799,-0.443,-0.66%,66.3013,418170208.79,38783
2017-10-11,67.32,67.80,66.84,67.74,8060492,-0.581,-0.86%,66.7446,543087392.64,48012
2017-10-10,68.76,69.03,68.27,68.33,3824659,0.00,0.00%,67.326,262227249.47,28889
2017-10-09,68.36,68.80,68.24,68.33,3587144,-0.01,-0.01%,67.326,245408243.83,21389
2017-10-06,68.72,68.72,67.87,68.34,5717424,-0.522,-0.77%,67.3358,389854842.18,36557
2017-10-05,69.15,69.18,68.57,68.87,6293077,0.049,0.07%,67.858,433584465.59,37932
2017-10-04,69.12,69.325,68.67,68.82,6319662,-0.236,-0.35%,67.8088,435424914.03,42116
2017-10-03,69.26,69.57,68.8507,69.06,6124491,-0.256,-0.38%,68.0452,423619577.42,33648
2017-10-02,68.73,69.32,68.54,69.32,7254816,-0.434,-0.63%,68.3014,500501985.93,41715
2017-09-29,69.03,69.77,68.26,69.76,6559138,0.591,0.87%,68.735,454529012.33,39017
2017-09-28,69.33,69.66,68.55,69.16,6464308,0.079,0.12%,68.1438,446689035.25,48113
2017-09-27,68.94,69.19,68.29,69.08,6043142,0.256,0.38%,68.065,415953428.16,36145
2017-09-26,69.27,69.56,68.54,68.82,6393397,-0.818,-1.19%,67.8088,441641511.58,40406
2017-09-25,69.10,70.01,69.08,69.65,6914341,0.838,1.24%,68.6266,481652710.57,42510
2017-09-22,67.73,68.94,67.73,68.80,6797576,0.70,1.04%,67.7891,466932673.68,42416
2017-09-21,67.53,68.50,67.01,68.09,8315084,0.463,0.70%,67.0895,564932477.85,46530
2017-09-20,68.14,68.1599,67.47,67.62,6765969,-0.266,-0.40%,66.6264,458400610.91,45055
2017-09-19,68.00,68.255,67.47,67.89,6817176,0.02,0.03%,66.8924,462725828.61,44510
2017-09-18,67.08,68.00,67.00,67.87,6688895,0.621,0.94%,66.8727,452661210.03,41127
2017-09-15,67.69,67.90,66.75,67.24,11428399,-0.453,-0.68%,66.252,768268420.00,42916
2017-09-14,67.42,67.94,67.17,67.70,5954133,0.769,1.17%,66.7052,402184869.68,40816
2017-09-13,66.52,67.47,66.43,66.92,5728190,0.483,0.74%,65.9367,383782623.75,38334
2017-09-12,65.76,66.62,65.3413,66.43,5308560,0.65,1.00%,65.4539,352179977.90,36317
2017-09-11,65.19,65.89,64.98,65.77,5617087,0.897,1.40%,64.8036,368681122.65,31679
2017-09-08,65.72,65.76,64.541,64.86,5486979,-0.995,-1.53%,63.907,356468712.83,33042
2017-09-07,65.72,66.13,65.355,65.87,4236427,0.148,0.23%,64.9021,278748267.00,29315
2017-09-06,65.29,66.24,65.28,65.72,6806190,0.611,0.95%,64.7543,448274628.64,40246
2017-09-05,63.48,65.25,63.35,65.10,7517646,1.724,2.76%,64.1434,486627088.73,48639
2017-09-01,63.20,63.92,62.97,63.35,4907449,0.335,0.54%,62.4192,311514345.86,28708
2017-08-31,63.60,63.78,63.16,63.51,5833538,0.117,0.19%,62.0841,370535652.55,36383
2017-08-30,63.40,63.76,63.07,63.39,4629119,-0.108,-0.17%,61.9668,293300836.34,23822
2017-08-29,63.26,63.62,62.81,63.50,4076319,0.049,0.08%,62.0744,258060627.54,24578
2017-08-28,63.84,64.08,63.00,63.45,4505590,-0.42,-0.67%,62.0255,285625534.18,30165
2017-08-25,63.11,64.13,62.99,63.88,5712609,0.978,1.59%,62.4458,364681253.42,33791
2017-08-24,63.10,63.24,62.56,62.88,5674063,-0.303,-0.49%,61.4683,356671367.54,34868
2017-08-23,63.10,63.50,62.87,63.19,4433403,-0.156,-0.25%,61.7713,280112656.00,28314
2017-08-22,63.16,63.635,63.11,63.35,4710207,0.342,0.56%,61.9277,298742038.72,26492
2017-08-21,63.11,63.405,62.99,63.00,4498202,-0.313,-0.51%,61.5856,283973098.12,28817
2017-08-18,63.07,63.81,62.93,63.32,9096305,0.283,0.46%,61.8984,576336226.90,48535
2017-08-17,63.46,63.80,62.95,63.03,5292094,-0.665,-1.07%,61.6149,334747108.79,35977
2017-08-16,63.64,63.95,63.23,63.71,6329590,0.264,0.43%,62.2796,402525028.82,40070
2017-08-15,63.94,63.94,63.03,63.44,6850815,-0.499,-0.80%,62.0157,434230941.28,33985
2017-08-14,64.00,64.2767,63.67,63.95,4961009,0.117,0.19%,62.5143,317420318.22,25352
2017-08-11,64.10,64.67,63.74,63.83,4627489,-0.557,-0.89%,62.3969,296421508.04,28683
2017-08-10,65.55,65.78,64.19,64.40,8060480,-1.066,-1.66%,62.9542,522788497.99,45407
2017-08-09,65.73,65.90,65.065,65.49,6274921,0.00,0.00%,64.0197,410441804.52,34044
2017-08-08,66.25,66.63,65.26,65.49,8700109,-1.036,-1.59%,64.0197,572529177.88,46578
2017-08-07,67.25,67.50,66.53,66.55,5756631,-0.968,-1.47%,65.0559,384208386.92,36140
2017-08-04,68.15,68.39,67.455,67.54,5411615,-0.665,-1.00%,66.0237,366589212.86,36515
2017-08-03,68.96,69.25,67.75,68.22,9869702,-0.89,-1.32%,66.6884,676136973.39,52409
2017-08-02,68.88,69.37,68.42,69.13,7973424,0.00,0.00%,67.578,550114309.14,47815
2017-08-01,68.88,69.37,68.42,69.13,7967401,0.518,0.77%,67.578,549698761.38,47813
2017-07-31,68.44,68.79,67.69,68.60,10621068,0.137,0.20%,67.0599,725878932.23,51391
2017-07-28,67.54,69.04,67.50,68.46,10545593,0.665,1.00%,66.923,721211903.07,67368
2017-07-27,66.96,67.80,66.391,67.78,6968571,0.772,1.18%,66.2583,468132774.16,49524
2017-07-26,67.48,68.16,66.72,66.99,8350793,-0.02,-0.03%,65.486,562781385.11,47092
2017-07-25,67.00,67.55,66.93,67.01,6947164,0.577,0.89%,65.5056,466741538.29,45092
2017-07-24,66.68,66.84,65.85,66.42,6210964,-0.108,-0.17%,64.9288,412236319.92,39701
2017-07-21,67.80,68.96,66.20,66.53,10910320,-0.479,-0.73%,65.0363,732280101.54,63491
2017-07-20,67.77,67.90,66.76,67.02,7458162,-0.411,-0.62%,65.5153,501483083.80,49508
2017-07-19,66.13,67.64,66.10,67.44,6642300,1.232,1.90%,65.9259,445521405.70,43868
2017-07-18,67.31,67.32,65.98,66.18,5359752,-0.635,-0.97%,64.6942,355875012.42,35744
2017-07-17,66.75,67.54,66.65,66.83,6438534,-0.02,-0.03%,65.3296,431589092.36,43148
2017-07-14,66.50,67.09,66.37,66.85,5340611,0.352,0.54%,65.3491,356754117.91,37327
2017-07-13,65.47,66.54,65.44,66.49,6252255,0.89,1.39%,64.9972,413088832.45,41273
2017-07-12,66.52,66.60,65.34,65.58,6497554,-0.205,-0.32%,64.1077,428911440.57,36860
2017-07-11,65.35,66.24,65.07,65.79,5534042,0.43,0.67%,64.3129,364086521.36,36125
2017-07-10,64.82,65.685,64.78,65.35,5873639,0.264,0.41%,63.8828,383999833.77,34358
2017-07-07,64.99,65.18,64.15,65.08,6743422,-0.049,-0.08%,63.6189,436747031.75,44029
2017-07-06,66.16,66.50,65.015,65.13,6503753,-0.596,-0.93%,63.6678,426952803.23,47109
2017-07-05,67.26,67.26,65.34,65.74,8872902,-1.202,-1.84%,64.2641,583624924.73,51082
2017-07-03,66.12,67.40,65.90,66.97,5201403,1.105,1.72%,65.4665,348363752.67,28160
2017-06-30,65.85,66.11,65.38,65.84,7981924,0.45,0.70%,64.3618,524884242.27,43067
2017-06-29,65.60,66.30,65.30,65.38,7194819,0.127,0.20%,63.9121,472498196.54,50979
2017-06-28,65.44,66.04,65.10,65.25,6243534,-0.108,-0.17%,63.7851,409621383.22,41791
2017-06-27,65.65,66.04,65.13,65.36,6498360,-0.518,-0.80%,63.8926,425805162.47,44080
2017-06-26,66.11,66.40,65.53,65.89,8042711,-0.039,-0.06%,64.4107,530750554.91,38965
2017-06-23,65.33,66.16,65.15,65.93,7402492,0.547,0.86%,64.4498,487485225.68,40032
2017-06-22,65.50,66.43,65.15,65.37,8088027,-0.098,-0.15%,63.9024,531152509.26,47758
2017-06-21,66.48,66.49,65.26,65.47,11374235,-1.251,-1.92%,64.0001,747357725.63,73644
2017-06-20,67.05,67.05,66.04,66.75,9579959,-1.32,-1.98%,65.2514,638827658.03,54268
2017-06-19,68.53,68.78,67.895,68.10,5037557,-0.469,-0.70%,66.5711,344020590.95,36159
2017-06-16,67.60,68.58,67.05,68.58,10179214,1.222,1.86%,67.0403,692167374.36,42552
2017-06-15,67.96,68.08,67.00,67.33,9465863,-0.831,-1.25%,65.8184,637326966.87,59513
2017-06-14,69.06,69.09,67.34,68.18,10261263,-1.144,-1.69%,66.6493,697413645.62,69250
2017-06-13,69.31,69.70,68.84,69.35,7882662,0.039,0.06%,67.793,546204020.07,44748
2017-06-12,70.25,70.69,69.065,69.31,7999223,-0.362,-0.53%,67.7539,556130700.56,52997
2017-06-09,68.35,70.39,68.32,69.68,8141068,1.339,2.01%,68.1156,564847943.59,54196
2017-06-08,68.37,69.11,68.23,68.31,7739773,-0.352,-0.52%,66.7764,530741822.30,44391
2017-06-07,69.55,69.86,67.92,68.67,10227667,-1.271,-1.86%,67.1283,700649058.62,55655
2017-06-06,69.14,70.185,68.71,69.97,6588597,0.684,1.01%,68.3991,458705588.02,39603
2017-06-05,68.79,69.4999,68.63,69.27,4670819,0.303,0.45%,67.7148,323418091.64,29846
2017-06-02,68.88,69.12,68.03,68.96,8646521,-0.802,-1.18%,67.4118,593058805.53,53769
2017-06-01,69.67,70.19,69.2201,69.78,5874806,0.186,0.27%,68.2134,409583302.46,42518
2017-05-31,68.31,69.925,68.2301,69.59,8944161,0.831,1.24%,68.0276,620222540.87,52702
2017-05-30,69.22,69.49,68.65,68.74,7263475,-0.831,-1.22%,67.1967,501511882.87,43595
2017-05-26,69.50,70.35,69.00,70.09,8960723,0.679,1.01%,68.0276,626668001.71,45505
2017-05-25,71.27,71.69,68.94,69.39,14649418,-1.912,-2.76%,67.3482,1020609907.11,77261
2017-05-24,72.13,72.28,71.065,71.36,5280351,-0.709,-1.01%,69.2602,377714785.86,34574
2017-05-23,72.17,72.31,71.521,72.09,4969857,0.194,0.28%,69.9688,358015273.49,29500
2017-05-22,72.26,72.38,71.37,71.89,6209841,0.136,0.20%,69.7746,446486189.32,40965
2017-05-19,71.77,72.31,71.56,71.75,7681847,0.311,0.45%,69.6388,552745587.83,40842
2017-05-18,70.66,71.92,70.66,71.43,6073433,0.427,0.62%,69.3282,434063239.85,41606
2017-05-17,70.97,71.64,70.80,70.99,6347653,-0.369,-0.53%,68.9011,451799070.92,43685
2017-05-16,72.30,72.41,70.89,71.37,7029164,-0.611,-0.88%,69.2699,502300790.88,45171
2017-05-15,72.48,72.69,71.94,72.00,8572952,0.951,1.38%,69.8814,619475038.94,49129
2017-05-12,71.74,71.81,70.78,71.02,7308522,-0.738,-1.06%,68.9302,519678310.94,47957
2017-05-11,73.04,73.08,71.65,71.78,7380171,-0.864,-1.22%,69.6679,532509854.66,45163
2017-05-10,72.84,73.20,72.35,72.67,7021168,0.379,0.54%,70.5317,511270992.22,50846
2017-05-09,72.34,72.60,71.89,72.28,6631862,0.058,0.08%,70.1532,478789644.66,46353
2017-05-08,72.29,72.96,72.03,72.22,8160514,0.243,0.35%,70.0949,591062267.02,55702
2017-05-05,71.04,72.20,70.90,71.97,11115445,1.00,1.45%,69.8523,796253613.18,70460
2017-05-04,71.16,71.25,70.225,70.94,12174294,-0.573,-0.82%,68.8526,860379684.64,69227
2017-05-03,71.41,71.9536,70.97,71.53,7843603,0.078,0.11%,69.4252,559971289.74,47117
2017-05-02,72.34,72.395,70.97,71.45,9141952,-0.825,-1.18%,69.3476,654222430.14,55571
2017-05-01,72.70,73.09,72.135,72.30,6910089,-0.281,-0.40%,70.1726,501601142.37,53847
2017-04-28,73.40,73.46,72.47,72.59,7214431,-0.243,-0.34%,70.454,525173501.84,47724
2017-04-27,73.85,73.93,72.10,72.84,10844921,-1.233,-1.71%,70.6967,789628653.65,65585
2017-04-26,73.75,74.91,73.73,74.11,6064757,0.019,0.03%,71.9293,450660963.84,43968
2017-04-25,74.22,74.33,73.77,74.09,9066397,-0.01,-0.01%,71.9099,670892851.68,57387
2017-04-24,75.00,75.10,73.94,74.10,8461777,-0.718,-0.99%,71.9196,629687222.49,60901
2017-04-21,73.97,75.16,73.15,74.84,14539686,-1.621,-2.18%,72.6378,1080336472.98,86169
2017-04-20,76.49,77.34,76.13,76.51,8053851,0.029,0.04%,74.2587,618306117.35,51198
2017-04-19,78.29,78.48,76.16,76.48,8138424,-1.407,-1.86%,74.2296,626857184.85,54064
2017-04-18,77.77,78.59,77.67,77.93,4078781,-0.301,-0.40%,75.6369,318226877.03,31634
2017-04-17,77.82,78.42,77.79,78.24,5559277,0.087,0.12%,75.9378,433809663.88,37588
2017-04-13,79.33,79.40,77.955,78.15,5030235,-1.378,-1.78%,75.8504,395034279.20,36543
2017-04-12,79.73,80.89,79.245,79.57,6024246,-0.078,-0.10%,77.2287,481132575.62,46739
2017-04-11,78.71,79.705,78.08,79.65,6722170,0.912,1.19%,77.3063,532040288.10,45028
2017-04-10,78.67,78.95,78.40,78.71,3339935,0.369,0.49%,76.394,263044085.76,26464
2017-04-07,78.73,78.87,78.15,78.33,4265236,-0.281,-0.37%,76.0251,334438749.96,29261
2017-04-06,78.70,78.9346,78.36,78.62,5128783,0.311,0.41%,76.3066,403357811.36,35006
2017-04-05,78.66,79.48,78.26,78.30,5290562,0.087,0.12%,75.996,416259212.00,43637
2017-04-04,77.71,78.38,77.22,78.21,4687847,0.495,0.66%,75.9087,364802796.89,35433
2017-04-03,78.30,78.33,77.13,77.70,6994701,-0.388,-0.51%,75.4137,543528060.55,40936
2017-03-31,77.55,78.37,77.3335,78.10,5858508,0.252,0.33%,75.8019,456838708.89,39893
2017-03-30,78.73,78.87,77.56,77.84,5585104,-0.806,-1.06%,75.5496,435632884.34,43653
2017-03-29,78.21,78.96,77.58,78.67,4403009,0.349,0.46%,76.3551,345940595.32,37403
2017-03-28,77.40,78.59,76.94,78.31,7274620,1.252,1.67%,76.0057,567477596.71,55935
2017-03-27,76.21,77.1802,76.14,77.02,6435078,0.058,0.08%,74.7537,493518191.16,48337
2017-03-24,77.76,77.94,76.77,76.96,9805861,-0.689,-0.91%,74.6955,756731129.24,62578
2017-03-23,78.11,78.45,77.56,77.67,5804115,-0.689,-0.91%,75.3846,452148893.21,46648
2017-03-22,78.35,78.62,77.75,78.38,5341459,-0.301,-0.39%,76.0737,417617965.82,41186
2017-03-21,79.53,79.65,78.57,78.69,6210485,-0.223,-0.29%,76.3746,490288086.00,45069
2017-03-20,79.07,79.07,78.155,78.92,7318918,-0.611,-0.79%,76.5978,575661503.03,48611
2017-03-17,79.97,80.26,79.49,79.55,8645748,-0.097,-0.13%,77.2092,690117369.39,38296
2017-03-16,80.28,80.48,79.26,79.65,6196413,-0.582,-0.75%,77.3063,493562686.40,43212
2017-03-15,79.00,80.59,78.91,80.25,7968057,1.815,2.39%,77.8887,635964796.20,56621
2017-03-14,78.02,78.55,77.30,78.38,6541794,-0.204,-0.27%,76.0737,510765750.05,50004
2017-03-13,78.83,79.13,78.08,78.59,6708919,-0.097,-0.13%,76.2775,526016906.76,44800
2017-03-10,79.36,79.40,78.45,78.69,5633422,-0.01,-0.01%,76.3746,443647953.25,40138
2017-03-09,77.52,78.94,77.28,78.70,9411782,0.582,0.77%,76.3843,734137640.74,67467
2017-03-08,79.54,79.92,77.91,78.10,10152877,-1.796,-2.31%,75.8019,797813348.79,68211
2017-03-07,80.69,80.77,79.7401,79.95,5807380,-0.747,-0.95%,77.5975,464792984.64,40620
2017-03-06,80.34,80.89,80.03,80.72,5524619,0.019,0.02%,78.3448,444825416.55,38355
2017-03-03,81.22,81.58,80.65,80.70,3363815,-0.243,-0.31%,78.3254,272316785.55,26941
2017-03-02,81.64,82.16,80.815,80.95,5104454,-1.281,-1.60%,78.5681,414676598.79,38354
2017-03-01,80.91,82.6901,80.60,82.27,6692409,1.854,2.38%,79.8492,549354778.35,48989
2017-02-28,80.86,80.86,80.00,80.36,7842032,-0.679,-0.86%,77.9954,629754144.50,47240
2017-02-27,80.23,81.82,80.16,81.06,8033030,0.883,1.14%,78.6748,651443235.04,52344
2017-02-24,79.66,80.40,79.48,80.15,5464147,-0.311,-0.40%,77.7916,436992872.31,44957
2017-02-23,80.47,80.71,79.88,80.47,5754105,0.747,0.97%,78.1022,462629029.28,44385
2017-02-22,80.38,80.54,79.66,79.70,5905356,-0.951,-1.21%,77.3548,471523974.34,41119
2017-02-21,81.43,81.55,80.60,80.68,4746114,0.029,0.04%,78.306,384625985.07,32368
2017-02-17,80.95,81.12,80.54,80.65,4346033,-0.466,-0.59%,78.2769,350846699.79,27637
2017-02-16,82.13,82.17,81.00,81.13,5097946,-0.602,-0.76%,78.7428,414627459.34,36534
2017-02-15,82.00,82.37,81.62,81.75,4947576,-0.689,-0.86%,79.3445,404849180.25,31993
2017-02-14,82.04,82.50,81.54,82.46,4672319,0.621,0.78%,80.0336,383257660.91,35337
2017-02-13,81.75,82.13,81.49,81.82,4135773,0.155,0.20%,79.4125,338348333.57,32115
2017-02-10,81.98,82.71,81.85,82.16,6199901,0.916,1.17%,79.2571,510398151.36,43194
2017-02-09,81.69,81.76,81.16,81.21,6119033,0.087,0.11%,78.3407,498070396.75,38501
2017-02-08,80.61,81.19,79.52,81.12,5366434,0.048,0.06%,78.2539,432721171.31,40095
2017-02-07,81.21,81.74,80.49,81.07,5841749,-0.598,-0.76%,78.2056,473905654.48,43130
2017-02-06,82.55,82.97,81.46,81.69,5958031,-0.781,-0.98%,78.8037,487065834.79,35867
2017-02-03,82.64,83.21,82.39,82.50,5083988,0.058,0.07%,79.5851,420261655.39,37942
2017-02-02,83.60,83.61,81.565,82.44,8857699,-0.704,-0.88%,79.5272,728379891.19,54631
2017-02-01,84.06,84.44,82.695,83.17,5193648,-0.521,-0.65%,80.2315,432481571.41,39954
2017-01-31,83.90,84.25,83.11,83.71,4567889,0.096,0.12%,80.7524,381956504.50,35240
2017-01-30,84.17,84.47,83.195,83.61,5550729,-0.859,-1.05%,80.6559,463995056.52,42692
2017-01-27,84.86,85.19,84.31,84.50,4758177,-0.367,-0.45%,81.5145,402875308.13,38201
2017-01-26,85.93,86.05,84.43,84.88,5624393,-0.608,-0.74%,81.881,478339005.71,40252
2017-01-25,85.08,85.69,84.65,85.51,5939483,0.897,1.10%,82.4888,505870886.94,40179
2017-01-24,84.39,84.90,83.80,84.58,6027354,0.299,0.37%,81.5916,509196857.11,45274
2017-01-23,85.85,85.93,83.90,84.27,6870220,-2.142,-2.57%,81.2926,580920651.32,50672
2017-01-20,87.12,87.78,85.5675,86.49,10368649,-0.685,-0.81%,83.4342,896212558.81,65174
2017-01-19,87.05,87.84,86.91,87.20,7261442,-0.27,-0.32%,84.1191,633348853.01,53934
2017-01-18,85.79,87.54,85.79,87.48,8744867,1.013,1.21%,84.3892,762022856.98,60868
2017-01-17,84.81,86.53,84.80,86.43,5795345,1.553,1.90%,83.3763,497805142.94,43720
2017-01-13,84.95,85.74,84.78,84.82,5117597,-0.492,-0.60%,81.8232,435950355.96,45169
2017-01-12,85.69,85.70,84.65,85.33,4287013,-0.318,-0.39%,82.3151,365173932.06,34283
2017-01-11,84.99,85.81,84.62,85.66,4149615,1.023,1.25%,82.6335,354217078.65,32721
2017-01-10,85.69,85.7076,84.58,84.60,4306226,-1.129,-1.36%,81.6109,365795709.20,33122
2017-01-09,85.99,86.40,85.425,85.77,4336479,-0.685,-0.82%,82.7396,372153462.15,35838
2017-01-06,85.48,86.83,84.84,86.48,5689898,1.138,1.38%,83.4245,491115067.92,42049
2017-01-05,85.58,85.87,85.19,85.30,4543006,-0.125,-0.15%,82.2862,388466841.53,37636
2017-01-04,85.00,85.7099,84.54,85.43,4655393,0.608,0.74%,82.4116,397065773.28,38232
2017-01-03,84.86,85.11,83.71,84.80,6667050,0.82,1.01%,81.8039,563759834.33,48559
2016-12-30,84.30,84.50,83.66,83.95,4149703,-0.241,-0.30%,80.9839,348454893.20,27564
2016-12-29,84.26,84.85,83.785,84.20,3535367,-0.415,-0.51%,81.2251,297488784.01,27058
2016-12-28,85.28,85.48,84.41,84.63,4222687,-0.781,-0.95%,81.6399,357913856.44,27038
2016-12-27,85.80,85.95,85.23,85.44,2634175,-0.068,-0.08%,82.4212,225247113.60,21163
2016-12-23,86.03,86.27,85.23,85.51,2894275,-0.839,-1.01%,82.4888,247797880.77,22473
2016-12-22,85.79,87.00,85.59,86.38,3991724,0.212,0.26%,83.328,344221509.11,32790
2016-12-21,85.57,86.26,85.06,86.16,4825856,0.849,1.03%,83.1158,414159063.90,35912
2016-12-20,85.61,85.88,85.03,85.28,5185559,0.154,0.19%,82.2669,442907388.90,30935
2016-12-19,85.40,85.6962,84.97,85.12,3155877,-0.367,-0.44%,82.1126,269197100.23,26078
2016-12-16,85.50,85.545,84.98,85.50,9524774,0.212,0.26%,82.4791,813287572.34,42516
2016-12-15,84.50,85.695,84.30,85.28,6170978,0.116,0.14%,82.2669,525923994.39,42673
2016-12-14,85.53,86.455,84.81,85.16,5858673,-0.936,-1.13%,82.1511,501667107.82,45701
2016-12-13,85.73,86.725,85.05,86.13,6273364,1.08,1.32%,83.0869,539783700.94,50247
2016-12-12,86.09,86.82,84.67,85.01,8233556,0.222,0.27%,82.0064,704995770.67,63322
2016-12-09,84.87,84.98,83.94,84.78,4828984,0.299,0.37%,81.7846,407935681.36,41649
2016-12-08,84.44,84.76,83.80,84.47,4848437,0.116,0.14%,81.4855,408953699.86,37060
2016-12-07,84.05,84.80,83.56,84.35,5138922,0.376,0.46%,81.3698,432499944.05,43890
2016-12-06,83.76,84.29,83.16,83.96,4878642,-0.453,-0.56%,80.9935,409903886.25,41563
2016-12-05,84.92,85.18,84.2329,84.43,5976148,-0.077,-0.09%,81.4469,505383623.04,43835
2016-12-02,84.60,85.44,84.26,85.01,5090285,0.384,0.47%,81.5241,432924280.16,41809
2016-12-01,84.99,86.41,84.37,84.61,7991659,0.537,0.67%,81.1405,682404109.82,60042
2016-11-30,82.47,84.37,82.05,84.05,13534299,3.961,5.17%,80.6034,1129331805.83,86204
2016-11-29,79.61,80.292,78.7364,79.92,6326420,-1.093,-1.41%,76.6428,503829275.25,48154
2016-11-28,81.41,82.03,80.83,81.06,5909443,-0.221,-0.28%,77.7361,480970144.90,51086
2016-11-25,81.03,81.39,80.75,81.29,1819739,-0.105,-0.14%,77.9566,147528107.78,14356
2016-11-23,81.07,81.92,81.01,81.40,3122219,-0.096,-0.12%,78.0621,254428411.77,26047
2016-11-22,81.98,82.00,80.28,81.50,4646442,-0.201,-0.26%,78.158,377312440.80,34740
2016-11-21,81.11,81.905,81.03,81.71,5202050,1.64,2.14%,78.3594,424426811.37,39281
2016-11-18,80.10,80.52,79.72,80.00,3951072,-0.096,-0.12%,76.7195,316260101.05,27103
2016-11-17,81.51,81.87,79.87,80.10,4733586,-0.901,-1.16%,76.8154,380530531.28,37294
2016-11-16,81.02,81.90,80.77,81.04,4501349,-0.115,-0.15%,77.7169,365114239.33,38153
2016-11-15,79.44,81.56,79.40,81.16,5833934,2.35,3.11%,77.832,472232798.98,45619
2016-11-14,78.40,78.92,77.48,78.71,6060945,0.048,0.06%,75.4824,475054996.27,39895
2016-11-11,79.20,79.4258,78.07,78.66,4955654,-1.17,-1.53%,75.4345,389472786.82,40112
2016-11-10,79.48,80.71,79.48,79.88,6798624,-0.058,-0.08%,76.6044,543744089.52,55134
2016-11-09,79.26,80.43,78.85,79.94,6737561,0.096,0.13%,76.662,537519968.72,51445
2016-11-08,79.33,80.49,79.13,79.84,4012560,0.086,0.11%,76.5661,320614963.75,29471
2016-11-07,78.90,79.80,78.71,79.75,4756359,1.832,2.45%,76.4798,377606860.62,34924
2016-11-04,78.52,78.93,77.66,77.84,5178283,-0.595,-0.79%,74.6481,405102454.15,38512
2016-11-03,77.93,78.66,77.80,78.46,4935781,0.671,0.90%,75.2427,386727547.87,36066
2016-11-02,78.08,78.22,76.92,77.76,6395871,-0.901,-1.19%,74.5714,495573332.16,54116
2016-11-01,78.66,78.81,77.71,78.70,6825752,0.451,0.60%,75.4728,534529888.12,47828
2016-10-31,78.88,79.10,78.03,78.23,6225057,-0.93,-1.22%,75.0221,488327895.65,45106
2016-10-28,79.76,80.19,78.63,79.20,5001031,-0.384,-0.50%,75.9523,396983401.10,40138
2016-10-27,80.40,80.5825,79.53,79.60,3919637,-0.403,-0.52%,76.3359,313356426.51,31788
2016-10-26,79.49,80.65,79.32,80.02,4238229,-0.192,-0.25%,76.7387,338551338.81,36639
2016-10-25,80.35,81.50,79.92,80.22,5436610,-0.086,-0.11%,76.9305,437306001.22,41860
2016-10-24,80.56,80.74,79.51,80.31,5617438,-0.153,-0.20%,77.0168,450308384.86,43912
2016-10-21,81.85,82.42,79.68,80.47,10221833,-2.417,-3.04%,77.1702,823900960.33,68842
2016-10-20,82.75,83.36,81.88,82.99,7773174,-0.432,-0.54%,79.5869,642776109.63,56420
2016-10-19,82.00,84.30,82.00,83.44,9926100,1.966,2.52%,80.0185,829495887.62,65415
2016-10-18,81.58,81.80,80.67,81.39,3956758,0.393,0.51%,78.0525,321689600.84,29466
2016-10-17,81.32,81.76,80.69,80.98,3710919,-0.326,-0.42%,77.6593,300743863.79,28393
2016-10-14,81.97,82.36,81.31,81.32,4681503,-0.201,-0.26%,77.9854,382157147.75,35832
2016-10-13,81.02,81.92,80.62,81.53,4656595,0.086,0.11%,78.1868,378850646.00,39597
2016-10-12,81.76,81.79,81.03,81.44,4059726,-0.24,-0.31%,78.1005,330647238.06,35307
2016-10-11,82.08,82.23,81.155,81.69,5062960,-0.614,-0.78%,78.3402,413115552.63,39022
2016-10-10,81.73,82.44,81.73,82.33,4565086,0.978,1.25%,78.954,375261673.65,35845
2016-10-07,81.79,82.10,80.98,81.31,5305592,-0.105,-0.14%,77.9758,432383894.27,44218
2016-10-06,80.43,81.59,80.27,81.42,6469459,1.218,1.58%,78.0813,525151140.29,50366
2016-10-05,79.41,80.95,79.06,80.15,7249395,1.544,2.05%,76.8634,582196969.61,52896
2016-10-04,78.98,79.10,78.3401,78.54,5211096,-0.345,-0.46%,75.3194,410041316.02,44373
2016-10-03,78.82,79.06,78.35,78.90,4854738,0.249,0.33%,75.6646,382697248.83,40839
2016-09-30,77.84,78.99,77.61,78.64,6485671,1.218,1.64%,75.4153,509696989.17,44172
2016-09-29,78.11,78.97,77.37,77.37,9859463,-0.614,-0.82%,74.1974,768835955.57,75643
2016-09-28,75.59,78.10,75.07,78.01,9420846,2.57,3.56%,74.8111,724687009.75,70456
2016-09-27,75.13,75.455,74.33,75.33,6457176,-0.24,-0.33%,72.241,484053081.31,43283
2016-09-26,76.13,76.61,75.48,75.58,5499276,-0.326,-0.45%,72.4808,417787982.67,37865
2016-09-23,76.69,77.06,75.57,75.92,6847404,-1.045,-1.42%,72.8068,521768973.37,51771
2016-09-22,77.20,77.64,76.91,77.01,5639383,0.432,0.59%,73.8521,434977662.15,40339
2016-09-21,76.00,76.71,75.86,76.56,7152450,1.141,1.58%,73.4206,546542779.65,51298
2016-09-20,76.08,76.20,75.37,75.37,6821785,-0.566,-0.78%,72.2794,516000622.37,43359
2016-09-19,76.84,77.40,75.93,75.96,5924961,-0.355,-0.48%,72.8452,453346874.12,39927
2016-09-16,76.10,77.10,75.925,76.33,7243193,-0.451,-0.61%,73.20,552363645.55,40718
2016-09-15,76.16,77.15,76.09,76.80,5209370,0.412,0.56%,73.6507,399515925.70,38980
2016-09-14,76.90,77.90,76.17,76.37,5190419,-0.681,-0.92%,73.2384,397935379.46,42595
2016-09-13,77.98,78.10,76.88,77.08,7482030,-1.649,-2.18%,73.9193,578085759.86,54837
2016-09-12,77.81,79.27,77.10,78.80,6343085,1.189,1.60%,75.5687,497304873.11,48165
2016-09-09,78.76,79.225,77.56,77.56,7626570,-1.745,-2.29%,74.3796,595501209.68,55958
2016-09-08,78.99,79.76,78.23,79.38,4845341,0.738,0.98%,76.1249,383789130.34,40777
2016-09-07,78.83,79.05,78.48,78.61,3970697,-0.163,-0.22%,75.3865,312415722.50,32462
2016-09-06,78.66,78.95,78.25,78.78,5560911,0.221,0.29%,75.5495,436909177.21,42283
2016-09-02,79.25,79.70,78.505,78.55,4912088,0.086,0.11%,75.329,387295125.67,34780
2016-09-01,78.44,79.13,78.24,78.97,6705181,-0.038,-0.05%,75.2427,527364470.38,48995
2016-08-31,80.15,80.34,78.625,79.00,8306065,-1.563,-2.03%,75.2808,657118916.42,55950
2016-08-30,81.67,81.90,80.49,80.64,7873565,-0.476,-0.62%,76.8436,639171290.43,54698
2016-08-29,80.61,81.50,80.61,81.14,3359038,0.229,0.30%,77.3201,272650611.98,26456
2016-08-26,81.28,82.03,80.47,80.90,4535379,-0.419,-0.54%,77.0914,367524328.42,36301
2016-08-25,81.39,81.73,81.03,81.34,3767057,0.01,0.01%,77.5106,306204207.37,29625
2016-08-24,81.48,81.82,81.105,81.33,4462525,-0.40,-0.51%,77.5011,363317726.84,36770
2016-08-23,82.17,82.40,81.54,81.75,4473691,-0.286,-0.37%,77.9013,366668604.10,33840
2016-08-22,82.65,82.71,81.61,82.05,5091604,-1.201,-1.51%,78.1872,417480952.92,37133
2016-08-19,83.51,83.67,82.72,83.31,5185639,-0.524,-0.66%,79.3879,431735570.96,34594
2016-08-18,82.48,83.97,82.36,83.86,5466973,1.572,2.01%,79.912,457067392.93,44119
2016-08-17,81.60,82.25,81.221,82.21,3905473,0.276,0.35%,78.3397,319639598.61,32737
2016-08-16,81.93,82.38,81.45,81.92,3584383,-0.114,-0.15%,78.0633,293792913.12,29827
2016-08-15,81.75,82.13,81.09,82.04,4015962,0.80,1.03%,78.1777,328894509.01,31558
2016-08-12,81.80,82.09,80.93,81.20,3902402,-0.286,-0.37%,77.3772,317649243.84,33148
2016-08-11,81.14,82.41,80.97,81.50,4385446,0.619,0.80%,77.6631,358446090.89,33216
2016-08-10,82.03,82.34,80.64,80.85,3863108,-0.934,-1.20%,77.0437,313954454.93,33170
2016-08-09,83.03,83.04,81.48,81.83,4143756,-0.638,-0.81%,77.9776,340118245.21,33242
2016-08-08,81.64,82.9883,81.57,82.50,6213903,1.239,1.60%,78.616,512768734.07,38868
2016-08-05,80.62,81.42,80.02,81.20,6838614,0.772,1.01%,77.3772,553027368.92,42603
2016-08-04,79.60,80.41,79.11,80.39,8183088,0.734,0.97%,76.6054,655656603.93,42884
2016-08-03,78.71,79.64,78.27,79.62,5416302,0.696,0.93%,75.8716,428452897.46,38716
2016-08-02,78.81,78.92,77.91,78.89,6648313,0.41,0.55%,75.176,521904623.89,51740
2016-08-01,79.79,79.88,78.08,78.46,8197786,-1.963,-2.56%,74.7662,643413547.02,58603
2016-07-29,78.23,80.62,78.11,80.52,6200576,1.401,1.86%,76.7292,496327883.78,40385
2016-07-28,79.77,80.51,78.60,79.05,5567296,-0.791,-1.04%,75.3285,440310398.01,41311
2016-07-27,80.68,80.97,79.66,79.88,8415139,-0.686,-0.89%,76.1194,674672636.10,52821
2016-07-26,79.90,80.605,78.95,80.60,11685454,-0.105,-0.14%,76.8055,933941377.82,67889
2016-07-25,81.30,81.50,80.10,80.71,11223374,-0.858,-1.10%,76.9103,906431985.11,59477
2016-07-22,80.02,81.61,78.87,81.61,10027496,1.515,1.99%,77.7679,807597902.25,60185
2016-07-21,80.51,81.36,79.66,80.02,6220684,-0.553,-0.72%,76.2528,500657966.70,42271
2016-07-20,79.43,80.83,78.87,80.60,5937862,0.753,0.99%,76.8055,476908299.26,44601
2016-07-19,79.59,80.30,79.51,79.81,5780682,0.105,0.14%,76.0527,461381133.60,38638
2016-07-18,78.81,79.71,78.4787,79.70,4333637,0.334,0.44%,75.9479,343293067.90,30028
2016-07-15,79.82,79.96,79.03,79.35,4723392,0.238,0.32%,75.6143,375182776.93,27360
2016-07-14,79.77,79.93,78.9839,79.10,3817559,0.21,0.28%,75.3761,302828054.74,26772
2016-07-13,79.65,80.13,78.31,78.88,5328862,-0.734,-0.97%,75.1665,420596723.68,36695
2016-07-12,79.14,80.16,78.69,79.65,6356320,1.553,2.09%,75.9002,505882060.70,47214
2016-07-11,79.00,79.21,77.96,78.02,4702826,-0.686,-0.91%,74.3469,368708462.15,31773
2016-07-08,78.32,78.97,78.12,78.74,4217360,0.991,1.34%,75.0331,331675179.72,33471
2016-07-07,78.30,79.22,77.01,77.70,4922481,-0.343,-0.46%,74.042,384592475.72,40687
2016-07-06,77.43,78.11,76.83,78.06,4562841,0.41,0.55%,74.3851,354057119.72,34626
2016-07-05,78.73,78.96,76.88,77.63,5656869,-1.801,-2.38%,73.9753,438374119.05,43804
2016-07-01,79.14,79.905,79.01,79.52,4050434,0.419,0.56%,75.7763,321777121.50,31644
2016-06-30,77.96,79.138,77.85,79.08,4941269,1.191,1.61%,75.357,389269960.00,34921
2016-06-29,77.53,78.89,77.40,77.83,5854512,1.144,1.57%,74.1659,457555556.51,43645
2016-06-28,75.96,76.73,75.52,76.63,5555340,1.487,2.08%,73.0224,423445391.90,38265
2016-06-27,75.41,75.6999,74.53,75.07,7109499,-1.515,-2.07%,71.5358,533198995.16,54938
2016-06-24,76.63,77.77,76.23,76.66,9561456,-2.792,-3.68%,73.051,735522078.28,60435
2016-06-23,78.99,79.59,78.69,79.59,4734419,1.258,1.69%,75.843,375117382.05,27333
2016-06-22,79.01,79.14,78.20,78.27,5274019,-0.238,-0.32%,74.5852,414561035.80,38594
2016-06-21,77.50,78.97,77.1801,78.52,5634786,0.886,1.20%,74.8234,441433581.09,37934
2016-06-20,78.88,79.12,77.52,77.59,5257232,0.086,0.12%,73.9372,410107441.88,39830
2016-06-17,76.88,77.79,76.22,77.50,6583912,1.105,1.52%,73.8514,509012553.71,39968
2016-06-16,76.15,76.48,74.92,76.34,6033091,-0.486,-0.66%,72.746,457570357.17,44187
2016-06-15,77.18,77.89,76.73,76.85,5384763,-0.581,-0.79%,73.232,415783731.95,34657
2016-06-14,77.18,77.89,76.62,77.46,5361854,-0.172,-0.23%,73.8133,413752407.54,42500
2016-06-13,78.01,78.94,77.57,77.64,5115367,-0.848,-1.13%,73.9848,399545668.46,43983
2016-06-10,78.69,79.49,78.26,78.53,5585088,-1.363,-1.79%,74.8329,439990719.35,48095
2016-06-09,79.47,80.12,79.31,79.96,5030232,-0.81,-1.05%,76.1956,401443479.71,35397
2016-06-08,80.73,81.41,80.01,80.81,6979853,0.677,0.89%,77.0056,563173159.57,49745
2016-06-07,79.45,80.37,79.28,80.10,8546417,0.962,1.28%,76.329,683709078.25,61539
2016-06-06,76.56,79.28,76.215,79.09,8019158,3.297,4.57%,75.3666,628041954.36,61140
2016-06-03,75.70,76.10,74.86,75.63,4342153,0.172,0.24%,72.0695,327922781.44,28791
2016-06-02,75.47,75.71,74.61,75.45,4827263,-0.391,-0.54%,71.8979,362975696.46,37650
2016-06-01,75.41,76.34,74.913,75.86,5542161,-0.419,-0.58%,72.2886,419221311.76,43850
2016-05-31,77.07,77.60,75.81,76.30,5779999,-0.829,-1.13%,72.7079,441842717.76,39011
2016-05-27,77.05,77.25,76.38,77.17,5050268,-0.20,-0.27%,73.537,387994222.59,37559
2016-05-26,78.38,78.975,77.68,77.89,7932214,-0.025,-0.03%,73.7371,620385667.32,52860
2016-05-25,76.00,78.00,75.92,77.91,7489455,2.168,3.03%,73.7624,580103511.08,49615
2016-05-24,75.50,76.05,75.11,75.62,6500631,0.578,0.81%,71.5943,491365197.59,41160
2016-05-23,75.52,75.66,74.3811,75.01,6250941,0.047,0.07%,71.0168,468540370.32,38539
2016-05-20,74.67,75.14,74.18,74.96,7389357,0.72,1.02%,70.9694,552541622.94,48540
2016-05-19,72.57,74.36,72.00,74.20,8874796,0.975,1.41%,70.2499,653031877.62,60069
2016-05-18,74.50,74.70,72.65,73.17,6077944,-1.619,-2.28%,69.2747,447182347.25,45240
2016-05-17,74.24,75.24,74.10,74.88,7226272,0.833,1.19%,70.8937,540744390.69,49066
2016-05-16,73.30,74.45,73.02,74.00,5407084,1.486,2.17%,70.0605,400078985.74,38761
2016-05-13,73.56,74.30,72.42,72.43,6090404,-1.572,-2.24%,68.5741,444104999.92,42774
2016-05-12,74.24,74.84,73.60,74.09,5058385,0.265,0.38%,70.1457,374872997.16,39209
2016-05-11,74.01,74.85,73.47,73.81,5815821,-0.426,-0.61%,69.8806,431083663.15,40941
2016-05-10,73.33,74.54,73.09,74.26,7380874,1.411,2.05%,70.3067,546833816.49,48643
2016-05-09,73.49,74.29,72.345,72.77,10161656,-2.225,-3.13%,68.896,741390895.67,67918
2016-05-06,75.03,76.01,74.60,75.12,8083750,-0.265,-0.37%,71.1209,609274751.55,48827
2016-05-05,76.76,76.91,74.93,75.40,7306938,-0.312,-0.44%,71.386,552521409.19,53986
2016-05-04,77.21,77.6891,75.20,75.73,7858965,-1.42,-1.94%,71.6984,596072073.20,57239
2016-05-03,78.33,78.43,76.49,77.23,8861396,-2.054,-2.73%,73.1186,683073125.31,65644
2016-05-02,79.95,80.715,78.29,79.40,7388064,-0.89,-1.17%,75.1731,585089645.94,54709
2016-04-29,79.99,81.27,79.05,80.34,8606612,0.53,0.70%,76.063,689258551.11,58119
2016-04-28,79.99,81.32,79.43,79.78,6661075,-0.776,-1.02%,75.5328,535634506.09,47008
2016-04-27,79.78,81.18,79.60,80.60,7311719,1.325,1.77%,76.3092,588310065.01,50372
2016-04-26,79.13,79.35,78.42,79.20,5452631,0.407,0.55%,74.9837,430531384.88,40582
2016-04-25,79.56,79.80,77.96,78.77,6684424,-1.098,-1.45%,74.5766,525994604.00,48862
2016-04-22,77.72,81.015,77.72,79.93,9933393,-0.322,-0.42%,75.6748,793643979.50,67825
2016-04-21,80.88,81.96,80.16,80.27,8294056,-0.786,-1.02%,75.9967,671284946.20,59403
2016-04-20,79.15,81.90,79.15,81.10,12106050,1.382,1.83%,76.7825,979219802.52,81306
2016-04-19,77.99,79.66,77.85,79.64,10334206,2.073,2.83%,75.4003,816955825.74,72480
2016-04-18,74.74,77.50,74.44,77.45,5947529,1.127,1.56%,73.3269,457864756.91,44118
2016-04-15,77.16,77.16,75.95,76.26,6869867,-0.852,-1.17%,72.2002,525143817.62,45408
2016-04-14,77.46,77.66,76.57,77.16,5349742,-0.199,-0.27%,73.0523,412102829.02,37076
2016-04-13,75.98,77.55,75.70,77.37,8647454,1.392,1.94%,73.2511,666150435.96,57058
2016-04-12,74.17,76.16,73.86,75.90,8227592,1.912,2.73%,71.8594,619664086.32,60278
2016-04-11,74.36,74.91,73.87,73.88,7465100,0.028,0.04%,69.9469,554442995.16,44573
2016-04-08,73.44,74.27,73.03,73.85,6129571,1.742,2.56%,69.9185,452096206.09,43400
2016-04-07,72.51,72.94,71.691,72.01,7505759,-1.089,-1.57%,68.1765,541548528.00,48444
2016-04-06,73.00,74.42,71.90,73.16,10080733,0.473,0.69%,69.2652,737988476.85,70700
2016-04-05,72.01,73.15,71.96,72.66,9575246,0.019,0.03%,68.7919,695267756.42,58922
2016-04-04,72.44,72.92,71.90,72.64,9265305,0.492,0.72%,68.7729,671073523.72,59433
2016-04-01,72.37,73.20,71.76,72.12,21467765,-1.543,-2.21%,68.2806,1553945865.48,101727
2016-03-31,74.29,75.03,73.48,73.75,8608727,-0.625,-0.89%,69.8238,637771754.73,59315
2016-03-30,73.67,74.62,73.27,74.41,8328670,1.335,1.93%,70.4487,617152423.13,50584
2016-03-29,71.58,73.09,71.34,73.00,10450219,0.189,0.27%,69.1138,754810404.33,65230
2016-03-28,72.89,73.03,71.98,72.80,8008784,0.208,0.30%,68.9244,580276220.47,51582
2016-03-24,71.91,72.66,71.50,72.58,8185161,-0.36,-0.52%,68.7161,591113313.29,52924
2016-03-23,73.04,73.52,72.63,72.96,5923607,-0.615,-0.88%,69.0759,432776269.12,46235
2016-03-22,74.05,75.23,73.54,73.61,6230701,-1.212,-1.71%,69.6913,461698302.45,43377
2016-03-21,72.37,75.04,72.18,74.89,7508461,1.297,1.86%,70.9031,557998637.51,58641
2016-03-18,75.01,75.01,73.27,73.52,9549059,-0.966,-1.37%,69.6061,705762967.68,58486
2016-03-17,74.11,75.00,73.54,74.54,7068808,1.127,1.62%,70.5718,526550877.85,51273
2016-03-16,73.68,73.845,72.16,73.35,7173119,0.114,0.16%,69.4451,523320333.87,59779
2016-03-15,72.48,73.25,71.94,73.23,6815385,-0.199,-0.29%,69.3315,494462840.38,0
2016-03-14,73.97,74.37,73.01,73.44,5949738,-1.477,-2.08%,69.5303,437408709.17,2
2016-03-11,73.90,75.14,73.31,75.00,8054586,1.723,2.49%,71.0073,600079101.34,3
2016-03-10,72.80,73.35,72.12,73.18,7058378,0.407,0.59%,69.2842,514085597.64,53040
2016-03-09,73.75,73.93,72.60,72.75,6966573,0.047,0.07%,68.8771,509222782.02,56243
2016-03-08,75.26,75.72,72.68,72.70,8727106,-3.276,-4.54%,68.8297,641073204.23,67518
2016-03-07,74.31,76.16,73.25,76.16,9613959,1.259,1.78%,72.1055,723196760.06,66499
2016-03-04,75.11,76.005,73.81,74.83,11415865,-0.019,-0.03%,70.8463,856064882.69,68658
2016-03-03,74.04,74.965,73.78,74.85,7811542,0.417,0.59%,70.8653,582363087.36,52778
2016-03-02,73.47,74.435,72.465,74.41,8584048,0.379,0.54%,70.4487,631647652.37,62130
2016-03-01,72.46,74.06,72.28,74.01,8321033,2.168,3.19%,70.07,611561709.41,60882
2016-02-29,72.35,73.39,71.69,71.72,7726132,-0.71,-1.03%,67.9019,558297831.30,51161
2016-02-26,73.12,73.61,72.20,72.47,6000675,0.114,0.17%,68.612,437196105.03,45578
2016-02-25,71.93,72.35,70.65,72.35,6358302,0.133,0.19%,68.4984,455237204.92,49531
2016-02-24,70.89,72.32,70.40,72.21,7857744,0.123,0.18%,68.3658,560856928.80,56437
2016-02-23,73.88,74.77,71.86,72.08,8201911,-2.168,-3.08%,68.2427,598424902.30,58391
2016-02-22,73.82,74.63,73.58,74.37,7649870,1.42,2.06%,70.4108,568029293.10,57721
2016-02-19,71.97,72.89,71.78,72.87,8339044,0.18,0.26%,68.9907,603743841.92,65595
2016-02-18,73.73,73.73,72.32,72.68,8123729,-0.237,-0.34%,68.8108,591625503.96,67174
2016-02-17,72.55,73.69,72.17,72.93,10132069,1.117,1.64%,69.0475,740419544.65,74151
2016-02-16,71.35,72.24,70.39,71.75,9571848,1.363,2.05%,67.9303,684575458.11,75609
2016-02-12,68.88,70.81,68.765,70.31,10756299,1.875,2.90%,66.567,751974347.46,85438
2016-02-11,66.30,69.45,66.10,68.83,12122912,1.034,1.62%,64.6924,823812860.77,92019
2016-02-10,67.77,68.95,67.39,67.73,8324497,-0.066,-0.10%,63.6585,566240177.56,70342
2016-02-09,68.91,69.71,67.00,67.80,11138191,-1.861,-2.84%,63.7243,759061323.33,91880
2016-02-08,68.03,70.26,67.34,69.78,12547486,0.912,1.41%,65.5853,865322528.31,96371
2016-02-05,69.74,70.07,68.088,68.81,16470457,-1.626,-2.45%,64.6736,1136456558.92,103954
2016-02-04,71.53,72.87,70.31,70.54,10892712,-0.273,-0.41%,66.2996,774322647.51,92284
2016-02-03,70.03,70.86,67.64,70.83,12837120,1.87,2.89%,66.5722,895399081.61,91954
2016-02-02,69.32,69.98,68.37,68.84,13600841,-2.463,-3.67%,64.7018,941208839.89,95793
2016-02-01,71.12,71.665,70.04,71.46,12047077,-0.761,-1.12%,67.1643,854458428.40,88294
2016-01-29,69.98,72.50,69.57,72.27,18255274,2.594,3.97%,67.9256,1302061178.64,124828
2016-01-28,68.23,69.60,67.24,69.51,16450730,3.722,6.04%,65.3315,1129832007.27,111033
2016-01-27,65.34,67.13,64.575,65.55,12628951,0.207,0.34%,61.6096,833178422.53,103498
2016-01-26,64.39,65.7699,63.42,65.33,13829889,1.908,3.21%,61.4028,899132019.37,103426
2016-01-25,63.90,66.13,63.23,63.30,13865329,-1.786,-2.91%,59.4948,889504434.08,104703
2016-01-22,64.52,66.25,62.97,65.20,19387708,3.525,6.10%,61.2806,1251727641.61,139790
2016-01-21,61.21,63.47,60.37,61.45,12999419,0.367,0.64%,57.756,806787738.18,102204
2016-01-20,61.40,62.27,59.60,61.06,16075418,-1.654,-2.80%,57.3895,973331210.06,122843
2016-01-19,63.16,64.30,62.05,62.82,11463539,-0.179,-0.30%,59.0437,725219954.12,86382
2016-01-15,62.06,63.83,61.71,63.01,14702276,-1.57,-2.58%,59.2223,920372401.64,97005
2016-01-14,64.36,65.345,61.75,64.68,13814691,0.686,1.14%,60.7919,885931353.95,99577
2016-01-13,65.60,66.35,63.51,63.95,12729906,-0.743,-1.22%,60.1057,824089025.11,95270
2016-01-12,65.95,66.11,63.19,64.74,10188979,-0.085,-0.14%,60.8483,655672556.73,81292
2016-01-11,65.19,65.47,63.79,64.83,8693081,-0.235,-0.38%,60.9328,562296696.82,70098
2016-01-08,66.36,66.81,64.89,65.08,9657925,-1.043,-1.68%,61.1678,632904242.10,71396
2016-01-07,66.23,67.76,65.80,66.19,12041043,-1.419,-2.23%,62.2111,801810572.92,81049
2016-01-06,67.92,69.40,67.47,67.70,11923005,-1.692,-2.59%,63.6303,815656837.79,80428
2016-01-05,69.34,69.84,68.09,69.50,6783560,0.301,0.46%,65.3221,467967020.60,51725
2016-01-04,69.45,70.02,67.96,69.18,9160182,-0.536,-0.82%,65.0214,631241964.33,68735
2015-12-31,69.37,70.38,69.00,69.75,5271122,0.103,0.16%,65.5571,368010656.58,41385
2015-12-30,69.41,70.53,69.38,69.64,5744633,-0.818,-1.23%,65.4537,401725862.26,44642
2015-12-29,71.68,71.85,69.90,70.51,6986989,0.085,0.13%,66.2714,492900283.15,53930
2015-12-28,69.52,70.45,69.03,70.42,6616877,-0.103,-0.16%,66.1868,463971544.37,54627
2015-12-24,70.90,71.209,70.37,70.53,2968765,-0.451,-0.68%,66.2902,210289312.98,22212
2015-12-23,70.61,71.04,69.98,71.01,7757722,1.429,2.19%,66.7413,547800305.85,62278
2015-12-22,68.42,69.77,68.17,69.49,7950929,1.447,2.27%,65.3127,551215128.16,59365
2015-12-21,67.44,68.34,67.15,67.95,7861292,0.573,0.91%,63.8653,532919107.23,63771
2015-12-18,69.04,69.17,67.33,67.34,15152644,-1.748,-2.69%,63.292,1029207613.77,86170
2015-12-17,71.11,71.47,69.14,69.20,8278552,-1.899,-2.84%,65.0402,578038584.90,68950
2015-12-16,71.50,72.30,70.77,71.22,7865611,-0.583,-0.86%,66.9387,561499973.45,63514
2015-12-15,71.00,72.13,70.56,71.84,10511825,1.711,2.60%,67.5215,752270935.33,77629
2015-12-14,69.38,70.53,69.11,70.02,11322542,0.188,0.29%,65.8109,790138634.20,87241
2015-12-11,70.53,70.76,69.72,69.82,9434389,-1.56,-2.32%,65.6229,660783662.12,74678
2015-12-10,71.79,73.23,71.40,71.48,7200947,-0.602,-0.89%,67.1831,519073668.43,56066
2015-12-09,72.10,74.05,71.42,72.12,9310319,0.583,0.87%,67.7846,673403949.51,63026
2015-12-08,71.22,72.99,69.70,71.50,8305165,-1.222,-1.79%,67.2019,595104978.57,64441
2015-12-07,72.65,73.28,72.07,72.80,10563045,-1.795,-2.56%,68.4237,767148442.19,80211
2015-12-04,73.83,75.06,73.16,74.71,8605324,-0.094,-0.13%,70.2189,638491556.87,64071
2015-12-03,76.46,76.62,74.14,74.81,8292735,-0.94,-1.32%,70.3129,621551865.88,65442
2015-12-02,77.39,78.20,75.62,75.81,9595025,-2.218,-3.02%,71.2528,734350392.89,75719
2015-12-01,76.81,78.22,76.50,78.17,8172422,0.959,1.32%,73.4709,634070003.61,61805
2015-11-30,77.09,77.87,76.82,77.15,7979350,0.301,0.42%,72.5122,617177627.44,50234
2015-11-27,76.79,77.50,76.44,77.33,3147340,-0.187,-0.26%,72.2115,242291407.70,25707
2015-11-25,77.43,78.50,76.46,77.53,4055405,-0.607,-0.83%,72.3982,315264159.37,33681
2015-11-24,77.51,78.98,77.05,78.18,6960511,0.896,1.24%,73.0052,543993092.23,52519
2015-11-23,76.69,77.42,76.31,77.22,5859599,0.065,0.09%,72.1088,451279472.16,45093
2015-11-20,77.92,78.13,76.23,77.15,8480546,-0.719,-0.99%,72.0434,654207119.11,56807
2015-11-19,77.73,78.70,77.63,77.92,6674558,-0.588,-0.80%,72.7624,520716156.31,51369
2015-11-18,77.00,78.68,76.76,78.55,6955133,1.69,2.36%,73.3507,541077965.84,51955
2015-11-17,78.04,78.34,76.66,76.74,5579153,-1.485,-2.03%,71.6605,431285543.32,45359
2015-11-16,76.27,78.50,75.77,78.33,6662471,2.045,2.88%,73.1453,515647726.07,53251
2015-11-13,76.25,77.04,75.71,76.14,7311390,-0.43,-0.60%,71.1002,557183886.69,55919
2015-11-12,76.35,77.79,75.91,76.60,8141941,-0.962,-1.33%,71.5298,625388952.91,52784
2015-11-11,78.48,78.59,76.76,77.63,5575173,-1.065,-1.45%,72.4916,431871962.10,45483
2015-11-10,77.40,78.87,77.28,78.77,5949886,0.803,1.10%,73.5562,466397188.62,45012
2015-11-09,78.82,79.2899,77.33,77.91,5859955,-1.074,-1.45%,72.7531,456902906.41,45385
2015-11-06,78.05,79.07,77.00,79.06,7444335,0.243,0.33%,73.827,582463210.02,56565
2015-11-05,79.74,80.72,78.61,78.80,6730872,-1.41,-1.88%,73.5842,533530006.69,48934
2015-11-04,81.45,81.71,79.80,80.31,8788448,-1.13,-1.48%,74.9942,708267844.16,64548
2015-11-03,79.87,82.43,79.69,81.52,10257014,1.952,2.63%,76.1241,835080077.17,69812
2015-11-02,77.65,79.73,77.45,79.43,8480144,1.186,1.62%,74.1725,669362256.58,59081
2015-10-30,78.64,78.89,76.66,78.16,9474809,-0.495,-0.67%,72.9865,738244410.24,64122
2015-10-29,78.73,79.95,78.37,78.69,6612798,-0.411,-0.56%,73.4815,521557706.71,49878
2015-10-28,77.85,79.71,77.20,79.13,11293215,2.036,2.83%,73.8923,889950977.88,77882
2015-10-27,75.46,77.42,75.35,76.95,9291564,-0.187,-0.26%,71.8566,713005650.26,64062
2015-10-26,78.06,78.15,76.97,77.15,7887154,-1.121,-1.53%,72.0434,609596791.84,54738
2015-10-23,77.84,79.24,77.40,78.35,8867371,0.084,0.11%,73.164,694034736.43,67879
2015-10-22,76.37,78.52,76.24,78.26,9091210,2.456,3.48%,73.0799,707363340.22,67365
2015-10-21,75.30,76.98,75.11,75.63,7945712,0.075,0.11%,70.624,603027782.43,61644
2015-10-20,73.89,76.09,73.85,75.55,8901435,1.317,1.90%,70.5493,669926689.16,53758
2015-10-19,73.35,75.42,73.21,74.14,7585968,-0.346,-0.50%,69.2326,562706608.95,57111
2015-10-16,75.75,75.80,72.49,74.51,17828719,-1.541,-2.17%,69.5781,1314361351.88,110399
2015-10-15,75.36,76.27,73.8775,76.16,11034706,1.074,1.53%,71.1189,828836707.37,67843
2015-10-14,74.60,75.34,73.77,75.01,7187763,0.346,0.50%,70.045,536676257.90,52970
2015-10-13,74.19,76.08,74.00,74.64,6666336,-0.28,-0.40%,69.6995,500987423.12,49721
2015-10-12,76.65,76.65,74.27,74.94,7575742,-1.326,-1.86%,69.9797,567606196.64,49211
2015-10-09,77.15,77.37,75.86,76.36,6842514,-0.261,-0.37%,71.3057,523503304.57,51778
2015-10-08,75.28,76.925,74.41,76.64,8446571,1.205,1.71%,71.5671,641250198.04,65808
2015-10-07,75.43,76.90,74.55,75.35,12667466,1.317,1.91%,70.3625,958103841.58,96622
2015-10-06,72.30,74.41,71.88,73.94,11672472,1.728,2.57%,69.0459,861316879.79,81989
2015-10-05,71.25,72.73,71.05,72.09,8800813,1.653,2.52%,67.3183,635534253.27,64654
2015-10-02,66.93,70.45,66.57,70.32,12738837,2.493,3.95%,65.6655,874631478.38,88843
2015-10-01,70.11,70.99,67.41,67.65,12055433,-1.233,-1.91%,63.1722,826291360.92,88691
2015-09-30,69.28,69.80,67.75,68.97,11785844,-0.121,-0.19%,64.4048,810059326.18,82488
2015-09-29,69.61,69.89,68.03,69.10,11466965,-0.252,-0.39%,64.5262,791472984.37,89897
2015-09-28,71.65,71.72,69.32,69.37,9189146,-3.296,-4.84%,64.7783,643721189.09,71836
2015-09-25,73.25,73.31,72.23,72.90,5655646,0.196,0.29%,68.0747,411928269.45,45813
2015-09-24,71.39,73.42,71.11,72.69,7655265,0.70,1.04%,67.8786,554600447.59,60055
2015-09-23,73.21,73.38,71.90,71.94,5726670,-0.588,-0.87%,67.1782,414195609.89,48995
2015-09-22,71.52,73.1232,71.50,72.57,5894869,-0.28,-0.41%,67.7665,427356775.08,47111
2015-09-21,73.26,73.48,72.28,72.87,5935912,0.308,0.45%,68.0467,433240811.98,51820
2015-09-18,73.98,74.10,72.20,72.54,12646492,-2.577,-3.67%,67.7385,923057371.83,77493
2015-09-17,76.16,76.82,75.08,75.30,8500054,-0.803,-1.13%,70.3158,645213777.48,66080
2015-09-16,74.22,76.50,73.99,76.16,7685164,2.40,3.49%,71.1189,583539497.88,59321
2015-09-15,73.28,73.82,72.70,73.59,8408816,0.70,1.03%,68.719,617629174.92,65074
2015-09-14,73.40,73.40,72.345,72.84,5997558,-0.803,-1.17%,68.0187,436386656.31,47713
2015-09-11,73.47,73.72,72.27,73.70,8359761,-0.346,-0.50%,68.8217,611716608.03,55596
2015-09-10,74.55,74.84,72.89,74.07,8261016,-0.308,-0.44%,69.1673,610607371.89,64613
2015-09-09,75.66,77.24,74.24,74.40,10927152,-1.065,-1.51%,69.4754,824980744.21,82634
2015-09-08,75.30,75.86,74.74,75.54,7189525,0.504,0.72%,70.54,542176926.62,55158
2015-09-04,75.13,75.39,74.42,75.00,9072165,-1.177,-1.65%,70.0357,680297194.79,69005
2015-09-03,76.16,77.52,75.02,76.26,11091033,0.794,1.13%,71.2123,848269864.88,81143
2015-09-02,76.54,76.90,73.86,75.41,12993053,-0.009,-0.01%,70.4186,976911755.26,89061
2015-09-01,75.30,76.57,74.84,75.42,14970038,-1.821,-2.52%,70.4279,1131982102.98,108441
2015-08-31,75.13,77.71,74.61,77.37,17008402,1.69,2.40%,72.2488,1302992433.73,118981
2015-08-28,74.10,76.86,73.28,76.06,15702909,2.05,2.99%,70.5586,1185756164.36,109105
2015-08-27,72.30,73.99,70.90,73.85,28622068,3.488,5.36%,68.5085,2082863522.83,210141
2015-08-26,71.05,71.94,68.01,70.09,58004323,-2.254,-3.35%,65.0204,4034300258.07,331797
2015-08-25,76.60,76.61,72.50,72.52,12085158,-1.252,-1.83%,67.2747,898905001.19,86310
2015-08-24,73.92,76.30,73.02,73.87,17350861,-3.367,-4.68%,68.527,1291061985.94,122726
2015-08-21,78.80,79.90,77.50,77.50,11130514,-1.80,-2.44%,71.8945,872153963.76,86708
2015-08-20,80.47,81.83,79.44,79.44,8483777,-1.141,-1.52%,73.6941,681575835.85,62408
2015-08-19,82.37,82.94,80.40,80.67,9409754,-2.301,-2.98%,74.8352,763796582.48,59706
2015-08-18,83.55,83.78,82.62,83.15,5106455,-0.325,-0.42%,77.1358,424413591.02,35402
2015-08-17,83.06,83.85,83.06,83.50,4845407,-0.334,-0.43%,77.4605,404171063.07,38669
2015-08-14,84.02,85.12,83.52,83.86,4201472,-0.213,-0.27%,77.7944,352915845.87,33692
2015-08-13,84.39,84.69,83.44,84.09,5908478,-0.686,-0.87%,78.0078,497675698.74,46882
2015-08-12,83.99,85.04,82.87,84.83,6745871,0.436,0.56%,78.6943,568099876.75,51022
2015-08-11,82.97,84.45,82.56,84.36,6088436,-0.074,-0.09%,78.2583,509239131.09,47298
2015-08-10,82.20,84.48,82.16,84.44,6776568,2.032,2.66%,78.3325,569209098.59,40211
2015-08-07,83.22,83.85,81.95,82.25,6275920,-1.243,-1.60%,76.3009,518234081.45,46221
2015-08-06,82.13,84.19,81.75,83.59,8265712,1.011,1.32%,77.544,689165739.81,57050
2015-08-05,82.94,83.95,82.13,82.50,5812519,0.213,0.28%,76.5328,480926659.56,41085
2015-08-04,82.34,83.00,81.87,82.27,4707309,0.176,0.23%,76.3194,387350307.44,36756
2015-08-03,82.04,83.15,81.66,82.08,6808840,-0.686,-0.89%,76.1432,559485582.95,45807
2015-07-31,83.10,83.51,82.6301,82.82,5568630,-0.649,-0.84%,76.8297,461887303.43,38292
2015-07-30,84.06,84.42,83.08,83.52,4653503,-0.343,-0.44%,77.479,388962927.26,34795
2015-07-29,82.00,84.27,81.92,83.89,8491144,1.289,1.68%,77.8223,710080416.64,58644
2015-07-28,82.54,83.055,81.15,82.50,8330598,0.686,0.91%,76.5328,685967297.50,57076
2015-07-27,82.00,82.50,81.25,81.76,7186179,-1.058,-1.38%,75.8463,588842815.60,47293
2015-07-24,85.75,85.805,82.66,82.90,8745808,-2.894,-3.63%,76.9039,731677568.21,56020
2015-07-23,85.23,86.61,84.92,86.02,6419279,0.705,0.89%,79.7982,550488936.05,56320
2015-07-22,83.98,85.855,83.55,85.26,10588986,0.891,1.14%,79.0932,900467663.34,72551
2015-07-21,83.38,85.29,83.12,84.30,7809215,0.724,0.93%,78.2026,659565619.50,51614
2015-07-20,84.24,84.53,83.445,83.52,7110838,-0.176,-0.23%,77.479,595981845.69,49308
2015-07-17,84.21,84.95,83.17,83.71,9097834,-0.167,-0.21%,77.6553,762858293.73,62009
2015-07-16,84.58,84.76,83.67,83.89,6623529,0.241,0.31%,77.8223,556967996.62,48104
2015-07-15,84.76,84.98,83.52,83.63,8792945,-1.54,-1.95%,77.5811,740101635.49,54759
2015-07-14,84.40,86.11,84.18,85.29,6151599,0.928,1.19%,79.121,524982902.83,42629
2015-07-13,84.02,84.48,83.47,84.29,5613661,0.306,0.39%,78.1933,472229589.43,38266
2015-07-10,84.28,84.55,83.24,83.96,6512167,0.38,0.49%,77.8872,547124978.85,45355
2015-07-09,84.28,84.34,83.33,83.55,7410506,0.584,0.76%,77.5069,620808944.97,52234
2015-07-08,83.94,84.46,82.58,82.92,6747014,-1.187,-1.52%,76.9224,562293340.00,51052
2015-07-07,83.63,84.64,82.22,84.20,9442329,0.659,0.85%,78.1098,786790769.75,70543
2015-07-06,82.87,84.23,82.40,83.49,7612688,-0.482,-0.62%,77.4512,635056309.96,53101
2015-07-02,84.60,84.89,83.94,84.01,7607217,-0.269,-0.34%,77.9336,641325782.57,45335
2015-07-01,86.42,86.6911,83.92,84.30,10109039,-1.753,-2.19%,78.2026,856668007.33,57837
2015-06-30,86.38,86.49,85.01,86.19,8043459,0.492,0.62%,79.9559,688787977.80,52054
2015-06-29,85.60,86.61,85.55,85.66,7008397,-0.937,-1.17%,79.4642,602880756.04,46350
2015-06-26,86.39,87.32,86.07,86.67,25487302,0.00,0.00%,80.4012,2207776570.12,57285
2015-06-25,87.36,87.72,86.67,86.67,5865803,-0.779,-0.96%,80.4012,510532574.95,39687
2015-06-24,87.26,88.12,87.03,87.51,6565598,-0.455,-0.56%,81.1804,575725752.86,43760
2015-06-23,86.68,88.085,86.49,88.00,5930958,0.956,1.18%,81.635,519704684.49,42748
2015-06-22,86.91,87.24,85.80,86.97,7415392,0.325,0.40%,80.6795,643874927.97,48874
2015-06-19,87.57,87.77,86.23,86.62,13888646,-1.865,-2.27%,80.3548,1206558635.44,70133
2015-06-18,90.09,90.55,88.60,88.63,7862814,-0.965,-1.16%,82.2194,701001759.67,52507
2015-06-17,90.03,90.62,89.20,89.67,4656449,-0.019,-0.02%,83.1842,417946033.83,31724
2015-06-16,89.60,89.78,89.10,89.69,3731674,0.241,0.29%,83.2028,334156312.08,27841
2015-06-15,89.41,89.80,88.70,89.43,5330493,-0.668,-0.80%,82.9616,475946718.90,40171
2015-06-12,90.24,90.60,89.82,90.15,3997843,-0.482,-0.57%,83.6295,360346378.37,27758
2015-06-11,91.63,91.68,90.545,90.67,5134637,-0.891,-1.05%,84.1119,466724110.91,35526
2015-06-10,90.98,91.825,90.73,91.63,6045616,1.642,1.97%,85.0024,552425537.65,38625
2015-06-09,90.16,90.63,89.79,89.86,5077769,0.455,0.55%,83.3605,457651469.74,35877
2015-06-08,89.83,90.6717,89.14,89.37,7115204,-0.742,-0.89%,82.9059,638130962.76,43611
2015-06-05,89.69,91.72,89.54,90.17,7120039,0.093,0.11%,83.648,644987935.56,46677
2015-06-04,90.84,91.34,90.00,90.07,6451771,-1.197,-1.41%,83.5553,583638340.42,41100
2015-06-03,91.28,92.47,91.08,91.36,3967209,-0.13,-0.15%,84.752,363634023.86,29890
2015-06-02,91.06,92.61,90.75,91.50,5290611,0.789,0.94%,84.8818,485483829.15,38636
2015-06-01,90.19,91.05,89.68,90.65,5003319,0.352,0.42%,84.0933,452989079.68,36836
2015-05-29,91.02,91.65,90.76,90.77,6089695,0.111,0.13%,83.7408,554376809.31,38235
2015-05-28,90.66,90.838,89.72,90.65,4400280,-0.323,-0.38%,83.6301,397745111.04,32868
2015-05-27,90.09,91.69,90.09,91.00,5406845,0.24,0.29%,83.953,490984342.81,34265
2015-05-26,91.12,91.69,90.25,90.74,6106654,-1.181,-1.39%,83.7132,555450616.16,40015
2015-05-22,91.46,92.345,90.77,92.02,4104163,-0.009,-0.01%,84.894,377298491.32,29360
2015-05-21,91.36,92.67,90.78,92.03,5117024,1.181,1.41%,84.9033,471261822.48,33556
2015-05-20,90.70,91.18,89.82,90.75,4476315,0.175,0.21%,83.7224,405694140.23,32147
2015-05-19,91.74,91.74,89.94,90.56,6212991,-2.02,-2.36%,83.5471,561997430.49,42372
2015-05-18,91.96,93.00,91.65,92.75,4023607,0.563,0.66%,85.5675,371919570.13,29999
2015-05-15,91.85,92.69,91.17,92.14,4640458,-0.028,-0.03%,85.0048,427330227.16,28838
2015-05-14,92.80,93.25,91.90,92.17,5266416,-0.314,-0.37%,85.0324,485886886.81,35481
2015-05-13,93.12,93.17,91.77,92.51,5913632,0.037,0.04%,85.3461,546396101.94,41895
2015-05-12,91.38,92.94,91.14,92.47,5088142,0.646,0.76%,85.3092,469713538.35,36835
2015-05-11,93.39,93.41,91.67,91.77,7335809,-0.609,-0.71%,84.6634,676323128.15,49613
2015-05-08,91.32,92.56,90.13,92.43,6078858,2.03,2.44%,85.2723,557299069.52,43672
2015-05-07,91.61,91.68,89.57,90.23,8670070,-1.882,-2.21%,83.2427,782226148.28,59058
2015-05-06,92.71,93.57,91.55,92.27,6665451,0.212,0.25%,85.1247,615496823.68,47329
2015-05-05,93.66,94.41,92.03,92.04,7349816,-0.867,-1.01%,84.9125,682810254.09,45768
2015-05-04,94.18,94.18,92.38,92.98,4993711,-0.018,-0.02%,85.7797,464358843.88,36699
2015-05-01,94.48,94.89,92.81,93.00,6926695,-1.485,-1.70%,85.7982,646114760.38,45601
2015-04-30,94.23,95.13,93.43,94.61,8166595,0.304,0.35%,87.2835,771044616.13,49175
2015-04-29,92.58,94.40,91.90,94.28,8134066,1.495,1.75%,86.979,761971891.08,49779
2015-04-28,92.09,92.7996,91.48,92.66,4480472,0.304,0.36%,85.4845,413313546.07,33554
2015-04-27,92.18,92.59,91.45,92.33,7422456,0.664,0.79%,85.18,684782890.33,36602
2015-04-24,92.51,92.69,91.16,91.61,7604019,-1.328,-1.55%,84.5158,697124097.79,47988
2015-04-23,92.32,93.94,92.32,93.05,6192534,0.821,0.97%,85.8443,578295435.18,42014
2015-04-22,91.87,92.46,91.11,92.16,5910221,0.803,0.95%,85.0232,543930587.92,41664
2015-04-21,92.46,92.68,90.61,91.29,6850233,-1.089,-1.28%,84.2206,626480907.37,47511
2015-04-20,92.58,93.80,92.21,92.47,8937996,-0.36,-0.42%,85.3092,830735290.03,57071
2015-04-17,94.11,94.89,91.54,92.86,20002632,0.895,1.06%,85.669,1860004924.44,122544
2015-04-16,91.25,93.255,90.23,91.89,17143244,-0.101,-0.12%,84.7741,1570769103.37,98114
2015-04-15,89.46,92.00,88.90,92.00,13207782,2.952,3.60%,84.8756,1202298095.35,84018
2015-04-14,88.59,89.34,88.345,88.80,12053108,0.72,0.89%,81.9234,1071217574.93,74696
2015-04-13,88.98,89.30,87.76,88.02,7936899,-1.006,-1.22%,81.2038,700451599.65,57461
2015-04-10,88.78,89.37,88.20,89.11,7315717,0.609,0.75%,82.2094,650590992.50,52182
2015-04-09,86.38,88.93,86.26,88.45,9207274,2.15,2.71%,81.6005,811120594.41,60370
2015-04-08,86.56,87.08,85.26,86.12,8739177,-0.138,-0.17%,79.4509,752008584.12,65048
2015-04-07,86.14,86.99,85.25,86.27,7175690,0.332,0.42%,79.5893,620629719.16,49086
2015-04-06,84.96,87.04,84.81,85.91,8092454,1.402,1.80%,79.2572,697205018.30,55586
2015-04-02,84.09,85.43,83.89,84.39,6039614,0.101,0.13%,77.8549,511165430.60,45493
2015-04-01,84.00,84.80,83.60,84.28,7808393,0.775,1.01%,77.7534,657866777.04,55565
2015-03-31,83.72,84.26,83.35,83.44,7304727,-0.959,-1.23%,76.9785,611441574.55,45621
2015-03-30,83.88,84.73,83.41,84.48,6537864,1.079,1.40%,77.9379,550325172.93,47212
2015-03-27,83.01,83.47,82.32,83.31,5729134,0.138,0.18%,76.8585,475918158.78,37684
2015-03-26,84.00,84.60,82.763,83.16,8150506,-0.12,-0.16%,76.7202,679109451.50,59596
2015-03-25,82.65,84.12,82.32,83.29,8243059,1.328,1.76%,76.8401,686971179.07,58888
